{
  "formatVersion": 1,
  "database": {
    "version": 1,
    "identityHash": "aba719a2c8249c7733e9fc5a00f92930",
    "entities": [
      {
        "tableName": "user",
        "createSql": "CREATE TABLE IF NOT EXISTS `${TABLE_NAME}` (`id` INTEGER NOT NULL, `name` TEXT, `avatar` TEXT, `followers` INTEGER NOT NULL, `following` INTEGER NOT NULL, `blog` TEXT, `company` TEXT, `bio` TEXT, `location` TEXT, `htmlUrl` TEXT, PRIMARY KEY(`id`))",
        "fields": [
          {
            "fieldPath": "id",
            "columnName": "id",
            "affinity": "INTEGER",
            "notNull": true
          },
          {
            "fieldPath": "name",
            "columnName": "name",
            "affinity": "TEXT",
            "notNull": false
          },
          {
            "fieldPath": "avatar",
            "columnName": "avatar",
            "affinity": "TEXT",
            "notNull": false
          },
          {
            "fieldPath": "followers",
            "columnName": "followers",
            "affinity": "INTEGER",
            "notNull": true
          },
          {
            "fieldPath": "following",
            "columnName": "following",
            "affinity": "INTEGER",
            "notNull": true
          },
          {
            "fieldPath": "blog",
            "columnName": "blog",
            "affinity": "TEXT",
            "notNull": false
          },
          {
            "fieldPath": "company",
            "columnName": "company",
            "affinity": "TEXT",
            "notNull": false
          },
          {
            "fieldPath": "bio",
            "columnName": "bio",
            "affinity": "TEXT",
            "notNull": false
          },
          {
            "fieldPath": "location",
            "columnName": "location",
            "affinity": "TEXT",
            "notNull": false
          },
          {
            "fieldPath": "htmlUrl",
            "columnName": "htmlUrl",
            "affinity": "TEXT",
            "notNull": false
          }
        ],
        "primaryKey": {
          "columnNames": [
            "id"
          ],
          "autoGenerate": false
        },
        "indices": [],
        "foreignKeys": []
      }
    ],
    "views": [],
    "setupQueries": [
      "CREATE TABLE IF NOT EXISTS room_master_table (id INTEGER PRIMARY KEY,identity_hash TEXT)",
      "INSERT OR REPLACE INTO room_master_table (id,identity_hash) VALUES(42, 'aba719a2c8249c7733e9fc5a00f92930')"
    ]
  }
}